age_group,ratio
0-14,0.00033921302578018993
15-19,0.0016960651289009499
20-24,0.004070556309362279
25-29,0.005427408412483039
30-34,0.011533242876526458
35-39,0.013229308005427409
40-44,0.022388059701492536
45-49,0.04748982360922659
50-54,0.08853459972862958
55-59,0.12279511533242876
60-64,0.15705563093622796
65-69,0.17401628222523746
70-74,0.18860244233378562
75-79,0.12313432835820895
80-84,0.033921302578018994
85-89,0.005766621438263229
90+,0.0
