location_id,infection_rate_factor,infection_rate
143158,0.873904964,-1
143159,0.873904964,-1
143160,0.98115211,-1
143161,0.98115211,-1
143162,0.972391824,-1
143163,0.972391824,-1
143164,0.789487656,-1
143165,0.789487656,-1
143166,0.917706398,-1
143167,0.917706398,-1
143168,0.912397133,-1
143169,0.912397133,-1
143170,0.66418901,-1
143171,0.66418901,-1
143172,0.895938413,-1
143173,0.895938413,-1
143174,-1,0.000964922
143175,-1,0.000964922
